run_id,model,maturity,winsorized,frequency,gap,dataset,revised_macro_static_X,expanding_window_realtime,eval_period,eval_end_nominal,eval_end_effective,n_oos,r2_oos,rsz_pvalue
20260602_151716,L&N (2009),24,False,annual,11,kr,False,True,2018,2018-12-31,2017-12-31,336,-0.2110665479946534,0.016312541569028838
20260602_151716,L&N (2009),24,False,annual,11,kr,False,True,2025,2025-06-30,2024-06-30,414,-2068.3117701299884,0.06735021890661519
20260602_151716,L&N (2009),36,False,annual,11,kr,False,True,2018,2018-12-31,2017-12-31,336,-0.13572802491492197,0.01789832830606175
20260602_151716,L&N (2009),36,False,annual,11,kr,False,True,2025,2025-06-30,2024-06-30,414,-2012.1186863116502,0.07861013140681217
20260602_151716,L&N (2009),48,False,annual,11,kr,False,True,2018,2018-12-31,2017-12-31,336,-0.10450454656065089,0.015269420697498814
20260602_151716,L&N (2009),48,False,annual,11,kr,False,True,2025,2025-06-30,2024-06-30,414,-2095.437596154321,0.09452755359991694
20260602_151716,L&N (2009),60,False,annual,11,kr,False,True,2018,2018-12-31,2017-12-31,336,-0.07697149566871286,0.015256395800002265
20260602_151716,L&N (2009),60,False,annual,11,kr,False,True,2025,2025-06-30,2024-06-30,414,-2094.615795090528,0.11154580274728931
20260602_151716,L&N (2009),84,False,annual,11,kr,False,True,2018,2018-12-31,2017-12-31,336,-0.0762925876181546,0.015619596717484807
20260602_151716,L&N (2009),84,False,annual,11,kr,False,True,2025,2025-06-30,2024-06-30,414,-1928.333766411454,0.12801319454284
20260602_151716,L&N (2009),120,False,annual,11,kr,False,True,2018,2018-12-31,2017-12-31,336,-0.06667638604669324,0.015375046246913326
20260602_151716,L&N (2009),120,False,annual,11,kr,False,True,2025,2025-06-30,2024-06-30,414,-1622.2068186277004,0.13797967226139196
20260602_151716,L&N (2009) (winsor),24,True,annual,11,kr,False,True,2018,2018-12-31,2017-12-31,336,-0.21106247600362438,0.01631193254971508
20260602_151716,L&N (2009) (winsor),24,True,annual,11,kr,False,True,2025,2025-06-30,2024-06-30,414,-2068.3117672169224,0.0673498583020331
20260602_151716,L&N (2009) (winsor),36,True,annual,11,kr,False,True,2018,2018-12-31,2017-12-31,336,-0.13572802491492197,0.01789832830606175
20260602_151716,L&N (2009) (winsor),36,True,annual,11,kr,False,True,2025,2025-06-30,2024-06-30,414,-2012.1186863116502,0.07861013140681217
20260602_151716,L&N (2009) (winsor),48,True,annual,11,kr,False,True,2018,2018-12-31,2017-12-31,336,-0.10450454656065089,0.015269420697498814
20260602_151716,L&N (2009) (winsor),48,True,annual,11,kr,False,True,2025,2025-06-30,2024-06-30,414,-2095.437596154321,0.09452755359991694
20260602_151716,L&N (2009) (winsor),60,True,annual,11,kr,False,True,2018,2018-12-31,2017-12-31,336,-0.07697149566871286,0.015256395800002265
20260602_151716,L&N (2009) (winsor),60,True,annual,11,kr,False,True,2025,2025-06-30,2024-06-30,414,-1941.690762418251,0.11006816084597448
20260602_151716,L&N (2009) (winsor),84,True,annual,11,kr,False,True,2018,2018-12-31,2017-12-31,336,-0.07632458433114064,0.01565090420791515
20260602_151716,L&N (2009) (winsor),84,True,annual,11,kr,False,True,2025,2025-06-30,2024-06-30,414,-1040.3676313600274,0.11908666476338703
20260602_151716,L&N (2009) (winsor),120,True,annual,11,kr,False,True,2018,2018-12-31,2017-12-31,336,-0.0654867450828307,0.015694535809236188
20260602_151716,L&N (2009) (winsor),120,True,annual,11,kr,False,True,2025,2025-06-30,2024-06-30,414,-550.4103300536589,0.12677578854156324
20260602_162549,L&N (2009),24,False,annual,11,kr,False,True,2018,2018-12-31,2017-12-31,336,-0.21105467342575568,0.01630786986788213
20260602_162549,L&N (2009),24,False,annual,11,kr,False,True,2025,2025-06-30,2024-06-30,414,-2068.5033164438387,0.0673551035086527
20260602_162549,L&N (2009),36,False,annual,11,kr,False,True,2018,2018-12-31,2017-12-31,336,-0.13569667134644026,0.017884543311599055
20260602_162549,L&N (2009),36,False,annual,11,kr,False,True,2025,2025-06-30,2024-06-30,414,-2010.993149994346,0.07859387181916688
20260602_162549,L&N (2009),48,False,annual,11,kr,False,True,2018,2018-12-31,2017-12-31,336,-0.10446925822557862,0.015267433939196051
20260602_162549,L&N (2009),48,False,annual,11,kr,False,True,2025,2025-06-30,2024-06-30,414,-2095.6434107794544,0.09453382356849849
20260602_162549,L&N (2009),60,False,annual,11,kr,False,True,2018,2018-12-31,2017-12-31,336,-0.07700342297283536,0.015263966554002084
20260602_162549,L&N (2009),60,False,annual,11,kr,False,True,2025,2025-06-30,2024-06-30,414,-2096.140892318721,0.11155538828934286
20260602_162549,L&N (2009),84,False,annual,11,kr,False,True,2018,2018-12-31,2017-12-31,336,-0.07634082322597235,0.01563091397657601
20260602_162549,L&N (2009),84,False,annual,11,kr,False,True,2025,2025-06-30,2024-06-30,414,-1929.3153200835638,0.1280206229807399
20260602_162549,L&N (2009),120,False,annual,11,kr,False,True,2018,2018-12-31,2017-12-31,336,-0.06670364270777118,0.015380641871712175
20260602_162549,L&N (2009),120,False,annual,11,kr,False,True,2025,2025-06-30,2024-06-30,414,-1623.138218155294,0.13798222219004275
20260602_162549,L&N (2009) (winsor),24,True,annual,11,kr,False,True,2018,2018-12-31,2017-12-31,336,-0.20715773426276285,0.01815220520354055
20260602_162549,L&N (2009) (winsor),24,True,annual,11,kr,False,True,2025,2025-06-30,2024-06-30,414,-0.18946630826389765,0.004321990480971705
20260602_162549,L&N (2009) (winsor),36,True,annual,11,kr,False,True,2018,2018-12-31,2017-12-31,336,-0.13212224012702078,0.019380186435866698
20260602_162549,L&N (2009) (winsor),36,True,annual,11,kr,False,True,2025,2025-06-30,2024-06-30,414,-0.14919347592670418,0.005911557132488032
20260602_162549,L&N (2009) (winsor),48,True,annual,11,kr,False,True,2018,2018-12-31,2017-12-31,336,-0.10301569865271776,0.01667726350093135
20260602_162549,L&N (2009) (winsor),48,True,annual,11,kr,False,True,2025,2025-06-30,2024-06-30,414,-0.14534878035443,0.005982272579995396
20260602_162549,L&N (2009) (winsor),60,True,annual,11,kr,False,True,2018,2018-12-31,2017-12-31,336,-0.07584928456956574,0.016573180576013757
20260602_162549,L&N (2009) (winsor),60,True,annual,11,kr,False,True,2025,2025-06-30,2024-06-30,414,-0.13588269714208234,0.006902508582558364
20260602_162549,L&N (2009) (winsor),84,True,annual,11,kr,False,True,2018,2018-12-31,2017-12-31,336,-0.07514154696377573,0.016909565290380346
20260602_162549,L&N (2009) (winsor),84,True,annual,11,kr,False,True,2025,2025-06-30,2024-06-30,414,-0.13841251438902646,0.007602169926992586
20260602_162549,L&N (2009) (winsor),120,True,annual,11,kr,False,True,2018,2018-12-31,2017-12-31,336,-0.06420946193678856,0.0161287630937903
20260602_162549,L&N (2009) (winsor),120,True,annual,11,kr,False,True,2025,2025-06-30,2024-06-30,414,-0.12263714582109309,0.008090253668201153
20260602_172740,L&N (2009),24,False,annual,11,kr,False,True,2018,2018-12-31,2017-12-31,336,-0.2110461669879451,0.01631091999963219
20260602_172740,L&N (2009),24,False,annual,11,kr,False,True,2025,2025-06-30,2024-06-30,414,-2069.791668082348,0.06737711775280697
20260602_172740,L&N (2009),36,False,annual,11,kr,False,True,2018,2018-12-31,2017-12-31,336,-0.1356687638353915,0.01788265516657006
20260602_172740,L&N (2009),36,False,annual,11,kr,False,True,2025,2025-06-30,2024-06-30,414,-2011.7590626132283,0.07860089782055824
20260602_172740,L&N (2009),48,False,annual,11,kr,False,True,2018,2018-12-31,2017-12-31,336,-0.10450081409349687,0.015272250732535908
20260602_172740,L&N (2009),48,False,annual,11,kr,False,True,2025,2025-06-30,2024-06-30,414,-2094.832476217938,0.09451887512976731
20260602_172740,L&N (2009),60,False,annual,11,kr,False,True,2018,2018-12-31,2017-12-31,336,-0.07694653299295973,0.01524734592050958
20260602_172740,L&N (2009),60,False,annual,11,kr,False,True,2025,2025-06-30,2024-06-30,414,-2097.3819010104744,0.1115529806749197
20260602_172740,L&N (2009),84,False,annual,11,kr,False,True,2018,2018-12-31,2017-12-31,336,-0.07628889449142662,0.01562509186142802
20260602_172740,L&N (2009),84,False,annual,11,kr,False,True,2025,2025-06-30,2024-06-30,414,-1929.8458725092432,0.12802382979254245
20260602_172740,L&N (2009),120,False,annual,11,kr,False,True,2018,2018-12-31,2017-12-31,336,-0.06667710252953962,0.015372963964024766
20260602_172740,L&N (2009),120,False,annual,11,kr,False,True,2025,2025-06-30,2024-06-30,414,-1621.9986507978826,0.13798134160047026
20260602_172740,L&N (2009) (winsor),24,True,annual,11,kr,False,True,2018,2018-12-31,2017-12-31,336,-0.2071492278249525,0.018155604828562932
20260602_172740,L&N (2009) (winsor),24,True,annual,11,kr,False,True,2025,2025-06-30,2024-06-30,414,-0.1894400161961034,0.004322473315270803
20260602_172740,L&N (2009) (winsor),36,True,annual,11,kr,False,True,2018,2018-12-31,2017-12-31,336,-0.13209433261597225,0.019378136492347875
20260602_172740,L&N (2009) (winsor),36,True,annual,11,kr,False,True,2025,2025-06-30,2024-06-30,414,-0.14924150047772744,0.005911054433359042
20260602_172740,L&N (2009) (winsor),48,True,annual,11,kr,False,True,2018,2018-12-31,2017-12-31,336,-0.10304725452063601,0.016682526207198012
20260602_172740,L&N (2009) (winsor),48,True,annual,11,kr,False,True,2025,2025-06-30,2024-06-30,414,-0.1453865383966053,0.005977455197267445
20260602_172740,L&N (2009) (winsor),60,True,annual,11,kr,False,True,2018,2018-12-31,2017-12-31,336,-0.07579239458969034,0.016555134618515988
20260602_172740,L&N (2009) (winsor),60,True,annual,11,kr,False,True,2025,2025-06-30,2024-06-30,414,-0.13584864466741653,0.006893260736648643
20260602_172740,L&N (2009) (winsor),84,True,annual,11,kr,False,True,2018,2018-12-31,2017-12-31,336,-0.07508961822922999,0.01690327613394471
20260602_172740,L&N (2009) (winsor),84,True,annual,11,kr,False,True,2025,2025-06-30,2024-06-30,414,-0.1382016431867712,0.007588125900814036
20260602_172740,L&N (2009) (winsor),120,True,annual,11,kr,False,True,2018,2018-12-31,2017-12-31,336,-0.06418292175855678,0.0161206788818663
20260602_172740,L&N (2009) (winsor),120,True,annual,11,kr,False,True,2025,2025-06-30,2024-06-30,414,-0.12228572343128707,0.00806515820628162
20260602_193210,L&N (2009),24,False,annual,11,lw,False,True,2018,2018-12-31,2017-12-31,336,-0.21404736127939006,0.017446311178469953
20260602_193210,L&N (2009),24,False,annual,11,lw,False,True,2025,2025-06-30,2024-06-30,414,-2202.456176960839,0.07428440245989254
20260602_193210,L&N (2009),36,False,annual,11,lw,False,True,2018,2018-12-31,2017-12-31,336,-0.14090237077135548,0.01893284520984373
20260602_193210,L&N (2009),36,False,annual,11,lw,False,True,2025,2025-06-30,2024-06-30,414,-2107.4353154425844,0.08293550867700261
20260602_193210,L&N (2009),48,False,annual,11,lw,False,True,2018,2018-12-31,2017-12-31,336,-0.1090720459326675,0.016540587509423887
20260602_193210,L&N (2009),48,False,annual,11,lw,False,True,2025,2025-06-30,2024-06-30,414,-2246.6120497328848,0.09822765673178524
20260602_193210,L&N (2009),60,False,annual,11,lw,False,True,2018,2018-12-31,2017-12-31,336,-0.08050451211385257,0.016664915828098703
20260602_193210,L&N (2009),60,False,annual,11,lw,False,True,2025,2025-06-30,2024-06-30,414,-2209.037204444494,0.11477153237458515
20260602_193210,L&N (2009),84,False,annual,11,lw,False,True,2018,2018-12-31,2017-12-31,336,-0.07955048697128841,0.01723328194944085
20260602_193210,L&N (2009),84,False,annual,11,lw,False,True,2025,2025-06-30,2024-06-30,414,-2019.1483766538106,0.129570053718437
20260602_193210,L&N (2009),120,False,annual,11,lw,False,True,2018,2018-12-31,2017-12-31,336,-0.07401762134955425,0.0136700531426579
20260602_193210,L&N (2009),120,False,annual,11,lw,False,True,2025,2025-06-30,2024-06-30,414,-1906.0362176470483,0.13916124408156327
20260602_193210,L&N (2009) (winsor),24,True,annual,11,lw,False,True,2018,2018-12-31,2017-12-31,336,-0.20602657562119098,0.01991914874880618
20260602_193210,L&N (2009) (winsor),24,True,annual,11,lw,False,True,2025,2025-06-30,2024-06-30,414,-0.18375896864264374,0.004269366157988008
20260602_193210,L&N (2009) (winsor),36,True,annual,11,lw,False,True,2018,2018-12-31,2017-12-31,336,-0.13541327855066587,0.021338401899446247
20260602_193210,L&N (2009) (winsor),36,True,annual,11,lw,False,True,2025,2025-06-30,2024-06-30,414,-0.14719164567075782,0.0058117467360812025
20260602_193210,L&N (2009) (winsor),48,True,annual,11,lw,False,True,2018,2018-12-31,2017-12-31,336,-0.1044376544979071,0.018523029689097137
20260602_193210,L&N (2009) (winsor),48,True,annual,11,lw,False,True,2025,2025-06-30,2024-06-30,414,-0.14484599825230715,0.006076040419274009
20260602_193210,L&N (2009) (winsor),60,True,annual,11,lw,False,True,2018,2018-12-31,2017-12-31,336,-0.07632874759916586,0.018436135499638073
20260602_193210,L&N (2009) (winsor),60,True,annual,11,lw,False,True,2025,2025-06-30,2024-06-30,414,-0.13279939186309342,0.007041004834621001
20260602_193210,L&N (2009) (winsor),84,True,annual,11,lw,False,True,2018,2018-12-31,2017-12-31,336,-0.07543775275126396,0.018738359616626843
20260602_193210,L&N (2009) (winsor),84,True,annual,11,lw,False,True,2025,2025-06-30,2024-06-30,414,-0.1374451318251484,0.0076926569875090944
20260602_193210,L&N (2009) (winsor),120,True,annual,11,lw,False,True,2018,2018-12-31,2017-12-31,336,-0.07123329512027898,0.014842437035957778
20260602_193210,L&N (2009) (winsor),120,True,annual,11,lw,False,True,2025,2025-06-30,2024-06-30,414,-0.13612502505932733,0.007131418841607506
20260603_093039,ElasticNet 10 forwards + macro (direct),24,False,annual,11,kr,False,True,2018,2018-12-31,2017-12-31,336,-0.24004358896567735,0.1651933723829042
20260603_093039,ElasticNet 10 forwards + macro (direct),24,False,annual,11,kr,False,True,2025,2025-06-30,2024-06-30,414,-0.24542329303268406,0.16515045940303463
20260603_093039,ElasticNet 10 forwards + macro (direct),36,False,annual,11,kr,False,True,2018,2018-12-31,2017-12-31,336,-0.20111137257233613,0.20097315646231073
20260603_093039,ElasticNet 10 forwards + macro (direct),36,False,annual,11,kr,False,True,2025,2025-06-30,2024-06-30,414,-0.2284727398653532,0.2778055880255774
20260603_093039,ElasticNet 10 forwards + macro (direct),48,False,annual,11,kr,False,True,2018,2018-12-31,2017-12-31,336,-0.20071385272815134,0.17464417231451967
20260603_093039,ElasticNet 10 forwards + macro (direct),48,False,annual,11,kr,False,True,2025,2025-06-30,2024-06-30,414,-0.20011248787648173,0.22086020545804153
20260603_093039,ElasticNet 10 forwards + macro (direct),60,False,annual,11,kr,False,True,2018,2018-12-31,2017-12-31,336,-0.16981402432893788,0.17263226325991032
20260603_093039,ElasticNet 10 forwards + macro (direct),60,False,annual,11,kr,False,True,2025,2025-06-30,2024-06-30,414,-0.12689483658906053,0.15254842919947853
20260603_093039,ElasticNet 10 forwards + macro (direct),84,False,annual,11,kr,False,True,2018,2018-12-31,2017-12-31,336,-0.08598690647363783,0.03495954770023557
20260603_093039,ElasticNet 10 forwards + macro (direct),84,False,annual,11,kr,False,True,2025,2025-06-30,2024-06-30,414,-0.06295708046430448,0.029189412338839427
20260603_093039,ElasticNet 10 forwards + macro (direct),120,False,annual,11,kr,False,True,2018,2018-12-31,2017-12-31,336,-0.01447585296475773,0.018608076326905754
20260603_093039,ElasticNet 10 forwards + macro (direct),120,False,annual,11,kr,False,True,2025,2025-06-30,2024-06-30,414,-0.029693583767755882,0.03126829053474467
20260603_093039,ElasticNet fwd-only (10),24,False,annual,11,kr,False,True,2018,2018-12-31,2017-12-31,336,-0.1350840789231884,0.9658850312104096
20260603_093039,ElasticNet fwd-only (10),24,False,annual,11,kr,False,True,2025,2025-06-30,2024-06-30,414,-0.08499994969277758,0.7727442776273179
20260603_093039,ElasticNet fwd-only (10),36,False,annual,11,kr,False,True,2018,2018-12-31,2017-12-31,336,-0.159280609553889,0.7448666381516421
20260603_093039,ElasticNet fwd-only (10),36,False,annual,11,kr,False,True,2025,2025-06-30,2024-06-30,414,-0.1387069256705571,0.7368104457933886
20260603_093039,ElasticNet fwd-only (10),48,False,annual,11,kr,False,True,2018,2018-12-31,2017-12-31,336,-0.1485853619283124,0.6545232029456162
20260603_093039,ElasticNet fwd-only (10),48,False,annual,11,kr,False,True,2025,2025-06-30,2024-06-30,414,-0.15522763307581688,0.7684061665506696
20260603_093039,ElasticNet fwd-only (10),60,False,annual,11,kr,False,True,2018,2018-12-31,2017-12-31,336,-0.14131239122339223,0.6622994239667739
20260603_093039,ElasticNet fwd-only (10),60,False,annual,11,kr,False,True,2025,2025-06-30,2024-06-30,414,-0.16976957822951877,0.8401411844897154
20260603_093039,ElasticNet fwd-only (10),84,False,annual,11,kr,False,True,2018,2018-12-31,2017-12-31,336,-0.1852406493440364,0.7811717664108859
20260603_093039,ElasticNet fwd-only (10),84,False,annual,11,kr,False,True,2025,2025-06-30,2024-06-30,414,-0.22511088400085733,0.9165582089035877
20260603_093039,ElasticNet fwd-only (10),120,False,annual,11,kr,False,True,2018,2018-12-31,2017-12-31,336,-0.17933932339545744,0.6735691555431028
20260603_093039,ElasticNet fwd-only (10),120,False,annual,11,kr,False,True,2025,2025-06-30,2024-06-30,414,-0.22654467672844358,0.8517900811540124
20260603_093039,L&N (2009),24,False,annual,11,kr,False,True,2018,2018-12-31,2017-12-31,336,-0.21103646068325532,0.01630839320190325
20260603_093039,L&N (2009),24,False,annual,11,kr,False,True,2025,2025-06-30,2024-06-30,414,-2069.3519608830347,0.06736774288625957
20260603_093039,L&N (2009),36,False,annual,11,kr,False,True,2018,2018-12-31,2017-12-31,336,-0.13571333022569831,0.01788578973080379
20260603_093039,L&N (2009),36,False,annual,11,kr,False,True,2025,2025-06-30,2024-06-30,414,-2012.037866239403,0.07860612301686343
20260603_093039,L&N (2009),48,False,annual,11,kr,False,True,2018,2018-12-31,2017-12-31,336,-0.10449255270557112,0.015270379018946012
20260603_093039,L&N (2009),48,False,annual,11,kr,False,True,2025,2025-06-30,2024-06-30,414,-2096.837482407937,0.09454589309478789
20260603_093039,L&N (2009),60,False,annual,11,kr,False,True,2018,2018-12-31,2017-12-31,336,-0.07696554161093383,0.015251521975030546
20260603_093039,L&N (2009),60,False,annual,11,kr,False,True,2025,2025-06-30,2024-06-30,414,-2095.109109618735,0.11153667409778534
20260603_093039,L&N (2009),84,False,annual,11,kr,False,True,2018,2018-12-31,2017-12-31,336,-0.07636583438313549,0.015636914960286297
20260603_093039,L&N (2009),84,False,annual,11,kr,False,True,2025,2025-06-30,2024-06-30,414,-1930.9343203718095,0.12802610605812847
20260603_093039,L&N (2009),120,False,annual,11,kr,False,True,2018,2018-12-31,2017-12-31,336,-0.06667113424659177,0.01537549038944297
20260603_093039,L&N (2009),120,False,annual,11,kr,False,True,2025,2025-06-30,2024-06-30,414,-1623.2173137435555,0.13798169709729868
20260603_093039,L&N (2009) (winsor),24,True,annual,11,kr,False,True,2018,2018-12-31,2017-12-31,336,-0.20713952152026271,0.018152789089959764
20260603_093039,L&N (2009) (winsor),24,True,annual,11,kr,False,True,2025,2025-06-30,2024-06-30,414,-0.18934120500423135,0.004323682736836365
20260603_093039,L&N (2009) (winsor),36,True,annual,11,kr,False,True,2018,2018-12-31,2017-12-31,336,-0.13213889900627884,0.019381534334878325
20260603_093039,L&N (2009) (winsor),36,True,annual,11,kr,False,True,2025,2025-06-30,2024-06-30,414,-0.14931810288633063,0.005910264784644292
20260603_093039,L&N (2009) (winsor),48,True,annual,11,kr,False,True,2018,2018-12-31,2017-12-31,336,-0.10303899313271025,0.01668047996320876
20260603_093039,L&N (2009) (winsor),48,True,annual,11,kr,False,True,2025,2025-06-30,2024-06-30,414,-0.14515225709472324,0.005984642287208186
20260603_093039,L&N (2009) (winsor),60,True,annual,11,kr,False,True,2018,2018-12-31,2017-12-31,336,-0.07581140320766444,0.016559667659743815
20260603_093039,L&N (2009) (winsor),60,True,annual,11,kr,False,True,2025,2025-06-30,2024-06-30,414,-0.1360286813052869,0.006902906798588848
20260603_093039,L&N (2009) (winsor),84,True,annual,11,kr,False,True,2018,2018-12-31,2017-12-31,336,-0.07516655812093886,0.016916048472508494
20260603_093039,L&N (2009) (winsor),84,True,annual,11,kr,False,True,2025,2025-06-30,2024-06-30,414,-0.13883895250482925,0.007622536084741061
20260603_093039,L&N (2009) (winsor),120,True,annual,11,kr,False,True,2018,2018-12-31,2017-12-31,336,-0.0641769534756087,0.01612333857771686
20260603_093039,L&N (2009) (winsor),120,True,annual,11,kr,False,True,2025,2025-06-30,2024-06-30,414,-0.12262995774911167,0.008079299349383118
20260603_093039,"PCR forward (10 fwds, 3 PCs)",24,False,annual,11,kr,False,True,2018,2018-12-31,2017-12-31,336,-0.37340889752338535,0.41965191609425423
20260603_093039,"PCR forward (10 fwds, 3 PCs)",24,False,annual,11,kr,False,True,2025,2025-06-30,2024-06-30,414,-0.26408799867583266,0.27115214370752927
20260603_093039,"PCR forward (10 fwds, 3 PCs)",36,False,annual,11,kr,False,True,2018,2018-12-31,2017-12-31,336,-0.26758643650949154,0.3975482519032738
20260603_093039,"PCR forward (10 fwds, 3 PCs)",36,False,annual,11,kr,False,True,2025,2025-06-30,2024-06-30,414,-0.20967386695625878,0.2903687896207994
20260603_093039,"PCR forward (10 fwds, 3 PCs)",48,False,annual,11,kr,False,True,2018,2018-12-31,2017-12-31,336,-0.2083892046027327,0.2537716520983442
20260603_093039,"PCR forward (10 fwds, 3 PCs)",48,False,annual,11,kr,False,True,2025,2025-06-30,2024-06-30,414,-0.18349855042620322,0.19382617890895704
20260603_093039,"PCR forward (10 fwds, 3 PCs)",60,False,annual,11,kr,False,True,2018,2018-12-31,2017-12-31,336,-0.13523077244257653,0.15076939072592066
20260603_093039,"PCR forward (10 fwds, 3 PCs)",60,False,annual,11,kr,False,True,2025,2025-06-30,2024-06-30,414,-0.14276200081984824,0.1288009893760408
20260603_093039,"PCR forward (10 fwds, 3 PCs)",84,False,annual,11,kr,False,True,2018,2018-12-31,2017-12-31,336,-0.09748456469900035,0.07434995928532018
20260603_093039,"PCR forward (10 fwds, 3 PCs)",84,False,annual,11,kr,False,True,2025,2025-06-30,2024-06-30,414,-0.12428848844257523,0.06550625102160934
20260603_093039,"PCR forward (10 fwds, 3 PCs)",120,False,annual,11,kr,False,True,2018,2018-12-31,2017-12-31,336,0.027296400330865445,0.01590982676491126
20260603_093039,"PCR forward (10 fwds, 3 PCs)",120,False,annual,11,kr,False,True,2025,2025-06-30,2024-06-30,414,-0.023404822800952463,0.015379751460163238
20260603_154208,ElasticNet 10 forwards + macro (direct),120,False,annual,11,kr,False,True,2018,2018-12-31,2017-12-31,336,-0.01447585296475773,0.018608076326905754
20260603_154208,ElasticNet 10 forwards + macro (direct),120,False,annual,11,kr,False,True,2025,2025-06-30,2024-06-30,414,-0.029693583767755882,0.03126829053474467
20260604_085253,ElasticNet fwd-only (10),24,False,annual,11,kr,False,True,2018,2018-12-31,2017-12-31,336,-0.1350840789231884,0.9658850312104096
20260604_085253,ElasticNet fwd-only (10),24,False,annual,11,kr,False,True,2025,2025-06-30,2024-06-30,414,-0.08499994969277758,0.7727442776273179
20260604_085253,ElasticNet fwd-only (10),36,False,annual,11,kr,False,True,2018,2018-12-31,2017-12-31,336,-0.159280609553889,0.7448666381516421
20260604_085253,ElasticNet fwd-only (10),36,False,annual,11,kr,False,True,2025,2025-06-30,2024-06-30,414,-0.1387069256705571,0.7368104457933886
20260604_085253,ElasticNet fwd-only (10),48,False,annual,11,kr,False,True,2018,2018-12-31,2017-12-31,336,-0.1485853619283124,0.6545232029456162
20260604_085253,ElasticNet fwd-only (10),48,False,annual,11,kr,False,True,2025,2025-06-30,2024-06-30,414,-0.15522763307581688,0.7684061665506696
20260604_085253,ElasticNet fwd-only (10),60,False,annual,11,kr,False,True,2018,2018-12-31,2017-12-31,336,-0.14131239122339223,0.6622994239667739
20260604_085253,ElasticNet fwd-only (10),60,False,annual,11,kr,False,True,2025,2025-06-30,2024-06-30,414,-0.16976957822951877,0.8401411844897154
20260604_085253,ElasticNet fwd-only (10),84,False,annual,11,kr,False,True,2018,2018-12-31,2017-12-31,336,-0.1852406493440364,0.7811717664108859
20260604_085253,ElasticNet fwd-only (10),84,False,annual,11,kr,False,True,2025,2025-06-30,2024-06-30,414,-0.22511088400085733,0.9165582089035877
20260604_085253,ElasticNet fwd-only (10),120,False,annual,11,kr,False,True,2018,2018-12-31,2017-12-31,336,-0.17933932339545744,0.6735691555431028
20260604_085253,ElasticNet fwd-only (10),120,False,annual,11,kr,False,True,2025,2025-06-30,2024-06-30,414,-0.22654467672844358,0.8517900811540124
20260607_111806,L&N (2009),24,False,monthly,0,kr,False,True,2018,2018-12-31,2018-11-30,347,-0.18719838386716625,0.021422062976329093
20260607_111806,L&N (2009),24,False,monthly,0,kr,False,True,2025,2025-06-30,2025-05-31,425,-122.76797731776004,0.00245898722618898
20260607_111806,L&N (2009),36,False,monthly,0,kr,False,True,2018,2018-12-31,2018-11-30,347,-0.10532741694229752,0.017213342734567427
20260607_111806,L&N (2009),36,False,monthly,0,kr,False,True,2025,2025-06-30,2025-05-31,425,-109.24838364338096,0.1229051519005705
20260607_111806,L&N (2009),48,False,monthly,0,kr,False,True,2018,2018-12-31,2018-11-30,347,-0.0715286484637141,0.024810212294911205
20260607_111806,L&N (2009),48,False,monthly,0,kr,False,True,2025,2025-06-30,2025-05-31,425,-113.52453038139845,0.6031684819401564
20260607_111806,L&N (2009),60,False,monthly,0,kr,False,True,2018,2018-12-31,2018-11-30,347,-0.05354836816075936,0.02104267699023732
20260607_111806,L&N (2009),60,False,monthly,0,kr,False,True,2025,2025-06-30,2025-05-31,425,-108.12174036407109,0.6092914375879052
20260607_111806,L&N (2009),84,False,monthly,0,kr,False,True,2018,2018-12-31,2018-11-30,347,-0.04578564379542427,0.03063900013382903
20260607_111806,L&N (2009),84,False,monthly,0,kr,False,True,2025,2025-06-30,2025-05-31,425,-124.890431218734,0.4612047909109881
20260607_111806,L&N (2009),120,False,monthly,0,kr,False,True,2018,2018-12-31,2018-11-30,347,-0.02988562865920974,0.02570375534572722
20260607_111806,L&N (2009),120,False,monthly,0,kr,False,True,2025,2025-06-30,2025-05-31,425,-97.6753042996886,0.0725921606045723
20260607_111806,L&N (2009) (winsor),24,True,monthly,0,kr,False,True,2018,2018-12-31,2018-11-30,347,-0.13745263015435016,0.014979754808102874
20260607_111806,L&N (2009) (winsor),24,True,monthly,0,kr,False,True,2025,2025-06-30,2025-05-31,425,-0.41607059562042803,0.0037552443785195955
20260607_111806,L&N (2009) (winsor),36,True,monthly,0,kr,False,True,2018,2018-12-31,2018-11-30,347,-0.06952416542118067,0.011036116283117847
20260607_111806,L&N (2009) (winsor),36,True,monthly,0,kr,False,True,2025,2025-06-30,2025-05-31,425,-0.31694357054191435,0.004096268313378171
20260607_111806,L&N (2009) (winsor),48,True,monthly,0,kr,False,True,2018,2018-12-31,2018-11-30,347,-0.0453804166881846,0.0158057394280805
20260607_111806,L&N (2009) (winsor),48,True,monthly,0,kr,False,True,2025,2025-06-30,2025-05-31,425,-0.27073397297750046,0.011254162396435285
20260607_111806,L&N (2009) (winsor),60,True,monthly,0,kr,False,True,2018,2018-12-31,2018-11-30,347,-0.03249730877380541,0.012711220422378045
20260607_111806,L&N (2009) (winsor),60,True,monthly,0,kr,False,True,2025,2025-06-30,2025-05-31,425,-0.22845431679729455,0.011778799636143256
20260607_111806,L&N (2009) (winsor),84,True,monthly,0,kr,False,True,2018,2018-12-31,2018-11-30,347,-0.026606982152526326,0.013790842898183553
20260607_111806,L&N (2009) (winsor),84,True,monthly,0,kr,False,True,2025,2025-06-30,2025-05-31,425,-0.1878828771951746,0.014133757579389616
20260607_111806,L&N (2009) (winsor),120,True,monthly,0,kr,False,True,2018,2018-12-31,2018-11-30,347,-0.021471875160962384,0.022206093786686698
20260607_111806,L&N (2009) (winsor),120,True,monthly,0,kr,False,True,2025,2025-06-30,2025-05-31,425,-0.13076360931814102,0.016136590761998804
20260607_130904,L&N (2009),24,False,monthly,0,kr,False,True,2018,2018-12-31,2018-11-30,347,-0.18727835176146201,0.021447547606165185
20260607_130904,L&N (2009),24,False,monthly,0,kr,False,True,2025,2025-06-30,2025-05-31,425,-122.76717997541958,0.0024672373809379033
20260607_130904,L&N (2009) (winsor),24,True,monthly,0,kr,False,True,2018,2018-12-31,2018-11-30,347,-0.13753259804864615,0.014999151281817613
20260607_130904,L&N (2009) (winsor),24,True,monthly,0,kr,False,True,2025,2025-06-30,2025-05-31,425,-0.41207215339400016,0.0037552984928295174
20260607_132132,L&N (2009),24,False,monthly,0,kr,False,True,2018,2018-12-31,2018-11-30,347,-0.18724033080424918,0.0213960850063174
20260607_132132,L&N (2009) (winsor),24,True,monthly,0,kr,False,True,2018,2018-12-31,2018-11-30,347,-0.1374945770914333,0.01496007415101197
20260607_134136,L&N (2009),24,False,monthly,0,kr,False,True,2018,2018-12-31,2018-11-30,347,-0.18728563529168762,0.021382896083421032
20260607_134136,L&N (2009),24,False,monthly,0,kr,False,True,2025,2025-06-30,2025-05-31,425,-122.78972692547931,0.0024571766771084302
20260607_134136,L&N (2009),36,False,monthly,0,kr,False,True,2018,2018-12-31,2018-11-30,347,-0.10521714897770784,0.017086204444501263
20260607_134136,L&N (2009),36,False,monthly,0,kr,False,True,2025,2025-06-30,2025-05-31,425,-109.30057258525352,0.12262652486286452
20260607_134136,L&N (2009),48,False,monthly,0,kr,False,True,2018,2018-12-31,2018-11-30,347,-0.07172749990733296,0.02508309491244698
20260607_134136,L&N (2009),48,False,monthly,0,kr,False,True,2025,2025-06-30,2025-05-31,425,-113.51130611790552,0.603672592316979
20260607_134136,L&N (2009),60,False,monthly,0,kr,False,True,2018,2018-12-31,2018-11-30,347,-0.05370640175385022,0.02128704734751219
20260607_134136,L&N (2009),60,False,monthly,0,kr,False,True,2025,2025-06-30,2025-05-31,425,-108.14099665247498,0.6098575108716635
20260607_134136,L&N (2009),84,False,monthly,0,kr,False,True,2018,2018-12-31,2018-11-30,347,-0.04577038038303405,0.030641476618594954
20260607_134136,L&N (2009),84,False,monthly,0,kr,False,True,2025,2025-06-30,2025-05-31,425,-124.95012648501908,0.4609911847248419
20260607_134136,L&N (2009),120,False,monthly,0,kr,False,True,2018,2018-12-31,2018-11-30,347,-0.029861725009133977,0.025696200448475537
20260607_134136,L&N (2009),120,False,monthly,0,kr,False,True,2025,2025-06-30,2025-05-31,425,-97.61895319548663,0.07259442061545729
20260607_134136,L&N (2009) (winsor),24,True,monthly,0,kr,False,True,2018,2018-12-31,2018-11-30,347,-0.13753988157887176,0.014950171793450817
20260607_134136,L&N (2009) (winsor),24,True,monthly,0,kr,False,True,2025,2025-06-30,2025-05-31,425,-0.4196500578303006,0.003753903862205421
20260607_134136,L&N (2009) (winsor),36,True,monthly,0,kr,False,True,2018,2018-12-31,2018-11-30,347,-0.06941389745659121,0.010947293910874345
20260607_134136,L&N (2009) (winsor),36,True,monthly,0,kr,False,True,2025,2025-06-30,2025-05-31,425,-0.3122306024062673,0.004048226041499681
20260607_134136,L&N (2009) (winsor),48,True,monthly,0,kr,False,True,2018,2018-12-31,2018-11-30,347,-0.04557926813180324,0.0160007529850823
20260607_134136,L&N (2009) (winsor),48,True,monthly,0,kr,False,True,2025,2025-06-30,2025-05-31,425,-0.27188200339851676,0.011373651991688494
20260607_134136,L&N (2009) (winsor),60,True,monthly,0,kr,False,True,2018,2018-12-31,2018-11-30,347,-0.032655342366896045,0.0128782868732773
20260607_134136,L&N (2009) (winsor),60,True,monthly,0,kr,False,True,2025,2025-06-30,2025-05-31,425,-0.22729320631174543,0.0119074948894069
20260607_134136,L&N (2009) (winsor),84,True,monthly,0,kr,False,True,2018,2018-12-31,2018-11-30,347,-0.026591718740135883,0.013793302158660814
20260607_134136,L&N (2009) (winsor),84,True,monthly,0,kr,False,True,2025,2025-06-30,2025-05-31,425,-0.18771050417831714,0.014091826372264804
20260607_134136,L&N (2009) (winsor),120,True,monthly,0,kr,False,True,2018,2018-12-31,2018-11-30,347,-0.02144797151088662,0.02219678335537989
20260607_134136,L&N (2009) (winsor),120,True,monthly,0,kr,False,True,2025,2025-06-30,2025-05-31,425,-0.13162787041941826,0.016017301089596758
