time_now,name,maturity,signif,r2,start_date,end_date,yield_type,"f""Revised macro data: {revised}""","f""gap={gap}""",signif_1990,r2_1990,signif_2000,r2_2000
2026-05-08 10:15:14,Tree_ET,60.0,,,1971-08-31,2018-12-31,lw,Revised macro data: True,gap=0,9.483682780531131e-06,0.3041840030179061,0.0014309571537751,0.2552580465841662
2026-05-08 10:17:29,Tree_ET,84.0,,,1971-08-31,2018-12-31,lw,Revised macro data: True,gap=0,3.3117464131704466e-05,0.2993491654112297,0.0056415695455509,0.2342849994208499
2026-05-08 10:17:30,Tree_ET,36.0,,,1971-08-31,2018-12-31,lw,Revised macro data: True,gap=0,3.819350217393325e-05,0.3025715435436344,0.0013505990542673,0.2334074409944544
2026-05-08 10:18:19,Tree_ET,48.0,,,1971-08-31,2018-12-31,lw,Revised macro data: True,gap=0,1.4832627952543476e-05,0.309282664485618,0.000968471527538,0.2525366779891594
2026-05-08 10:19:57,Tree_ET,24.0,,,1971-08-31,2018-12-31,lw,Revised macro data: True,gap=0,0.0001427097392791,0.3110965690609726,0.0035771633817706,0.2247169676347931
2026-05-08 10:22:10,Tree_ET,120.0,,,1971-08-31,2018-12-31,lw,Revised macro data: True,gap=0,5.1102062152974526e-06,0.3421664885773352,0.0021541023601343,0.3170143217345081
2026-05-08 10:33:46,Tree_RF_FwdOnly,24.0,,,1971-08-31,2018-12-31,lw,Revised macro data: True,gap=0,0.0007381059190488,0.1216927855284231,0.0100001173084623,0.1355075012863187
2026-05-08 10:35:39,Tree_RF_FwdOnly,36.0,,,1971-08-31,2018-12-31,lw,Revised macro data: True,gap=0,0.0028527132405763,0.0920447609002917,0.0351868193063411,0.0359089926853712
2026-05-08 10:39:14,Tree_RF,48.0,,,1971-08-31,2018-12-31,lw,Revised macro data: True,gap=0,0.000157377145329,0.3284785423635384,0.0039663455435622,0.2643311002913814
2026-05-08 10:40:14,Tree_RF,84.0,,,1971-08-31,2018-12-31,lw,Revised macro data: True,gap=0,3.593458535000593e-05,0.3411604472639183,0.0009656067630507,0.311960909656349
2026-05-08 10:40:55,Tree_RF,120.0,,,1971-08-31,2018-12-31,lw,Revised macro data: True,gap=0,1.1670283657894132e-05,0.3701466516726258,0.0011334414199337,0.3550870414380997
2026-05-08 10:41:29,Tree_RF,36.0,,,1971-08-31,2018-12-31,lw,Revised macro data: True,gap=0,0.0001587182874661,0.3354311236109272,0.0031082659133583,0.2821006088933525
2026-05-08 10:46:34,Tree_RF_FwdOnly,48.0,,,1971-08-31,2018-12-31,lw,Revised macro data: True,gap=0,0.0028078971124545,0.0925346515130653,0.0364739231872374,0.0174741098316563
2026-05-08 10:47:43,Tree_RF_FwdOnly,60.0,,,1971-08-31,2018-12-31,lw,Revised macro data: True,gap=0,0.0013522315983118,0.1112212524215143,0.0163740461544836,0.0560818839265012
2026-05-08 10:47:58,Tree_ET_FwdOnly,24.0,,,1971-08-31,2018-12-31,lw,Revised macro data: True,gap=0,0.071541149007869,-0.0010870772884794,0.2655633199222309,-0.0256932684601027
2026-05-08 10:49:18,Tree_ET_FwdOnly,36.0,,,1971-08-31,2018-12-31,lw,Revised macro data: True,gap=0,0.0495144401002001,0.042025919178365,0.2338861201451234,-0.0118881196966331
2026-05-08 10:51:33,Tree_RF,60.0,,,1971-08-31,2018-12-31,lw,Revised macro data: True,gap=0,2.853434886063156e-05,0.3491810529848217,0.0015305961709994,0.3058649579650186
2026-05-08 10:51:37,Tree_RF_FwdOnly,84.0,,,1971-08-31,2018-12-31,lw,Revised macro data: True,gap=0,0.0006833910266975,0.1225532986363417,0.0036549324692832,0.0909928567189526
2026-05-08 10:52:51,Tree_ET_FwdOnly,48.0,,,1971-08-31,2018-12-31,lw,Revised macro data: True,gap=0,0.0217013887602325,0.0826321727863488,0.1180014676852527,0.0365029473160992
2026-05-08 10:52:52,Tree_RF_FwdOnly,120.0,,,1971-08-31,2018-12-31,lw,Revised macro data: True,gap=0,0.0001380154264938,0.1604516217865607,0.000541346322305,0.1695399149176703
2026-05-08 10:54:21,Tree_ET_FwdOnly,60.0,,,1971-08-31,2018-12-31,lw,Revised macro data: True,gap=0,0.0075159134586478,0.1150495970001431,0.0322694124768458,0.0882941268987008
2026-05-08 10:54:23,Tree_RF,24.0,,,1971-08-31,2018-12-31,lw,Revised macro data: True,gap=0,0.0001373992406901,0.3724373020150614,0.001027343568703,0.3193960017014068
2026-05-08 10:56:32,Tree_ET_FwdOnly,84.0,,,1971-08-31,2018-12-31,lw,Revised macro data: True,gap=0,0.0002190264506337,0.2339974000703589,0.0009033810793923,0.3116664792134586
2026-05-08 10:57:00,Tree_ET_FwdOnly,120.0,,,1971-08-31,2018-12-31,lw,Revised macro data: True,gap=0,0.0001271847051554,0.235529294943064,0.0007252925533467,0.3083807518451366
2026-05-11 14:27:05,Tree_XGB_FwdOnly,24.0,,,1971-08-31,2018-12-31,lw,Revised macro data: True,gap=0,3.415534157324984e-05,0.2210211104284282,0.0012333048962219,0.2593279071714296
2026-05-11 14:27:05,Tree_XGB_FwdOnly,36.0,,,1971-08-31,2018-12-31,lw,Revised macro data: True,gap=0,1.2285573395498515e-05,0.2960541455840767,0.0004171788527113,0.2927067216011052
2026-05-11 14:27:05,Tree_XGB_FwdOnly,48.0,,,1971-08-31,2018-12-31,lw,Revised macro data: True,gap=0,1.6166643507231626e-06,0.3040569058597964,8.877668070772504e-05,0.3033826275891138
2026-05-11 14:27:05,Tree_XGB_FwdOnly,60.0,,,1971-08-31,2018-12-31,lw,Revised macro data: True,gap=0,2.396198306442443e-07,0.33002938087494,1.1539741497035294e-05,0.3170292480155869
2026-05-11 14:27:05,Tree_XGB_FwdOnly,84.0,,,1971-08-31,2018-12-31,lw,Revised macro data: True,gap=0,2.156767797689696e-07,0.3802384846632008,8.187118705205165e-08,0.4061234161372191
2026-05-11 14:27:05,Tree_XGB_FwdOnly,120.0,,,1971-08-31,2018-12-31,lw,Revised macro data: True,gap=0,3.30543563520358e-07,0.3936502668247672,3.337347056486806e-07,0.4229034227487972
##### ABOVE: REVISED ET and RF: BELOW REVISED LGBM and XGB,,,,,,,,,,,,,
2026-05-08 23:02:54,Tree_LGBM_FwdOnly,24.0,,,1971-08-31,2018-12-31,lw,Revised macro data: True,gap=0,0.0199855119491889,0.0332369563998011,0.4400203643677862,-0.1434401834131782
2026-05-08 23:02:54,Tree_LGBM_FwdOnly,36.0,,,1971-08-31,2018-12-31,lw,Revised macro data: True,gap=0,0.0006023208312539,0.1793607924419402,0.0206197742078428,0.132428925815871
2026-05-08 23:02:54,Tree_LGBM_FwdOnly,48.0,,,1971-08-31,2018-12-31,lw,Revised macro data: True,gap=0,0.0003628469983125,0.2037258331126972,0.0187418967263152,0.0986237162730477
2026-05-08 23:02:54,Tree_LGBM_FwdOnly,60.0,,,1971-08-31,2018-12-31,lw,Revised macro data: True,gap=0,0.0006381925626608,0.1450456018011877,0.012711752025257,0.1126649327033758
2026-05-08 23:02:54,Tree_LGBM_FwdOnly,84.0,,,1971-08-31,2018-12-31,lw,Revised macro data: True,gap=0,0.000145046273704,0.1705172240665214,0.0054702992939085,0.0683594986535296
2026-05-08 23:02:54,Tree_LGBM_FwdOnly,120.0,,,1971-08-31,2018-12-31,lw,Revised macro data: True,gap=0,6.641107981375516e-05,0.1636095306634312,0.000335340833564,0.1738079614970902
2026-05-09 00:15:18,Tree_LGBM,24.0,,,1971-08-31,2018-12-31,lw,Revised macro data: True,gap=0,4.469758870750962e-05,0.4230219005879762,0.0001479245533834,0.3887532260281411
2026-05-09 00:17:33,Tree_LGBM,36.0,,,1971-08-31,2018-12-31,lw,Revised macro data: True,gap=0,5.869384692713808e-06,0.4150919088700857,0.0001963089039728,0.388279484542211
2026-05-09 00:19:52,Tree_LGBM,48.0,,,1971-08-31,2018-12-31,lw,Revised macro data: True,gap=0,3.303193565451501e-06,0.4002166312701871,0.0003180743007835,0.3696338997028793
2026-05-09 00:22:13,Tree_LGBM,60.0,,,1971-08-31,2018-12-31,lw,Revised macro data: True,gap=0,9.461601772065008e-07,0.3892407817449438,0.000218110320858,0.3703996871390196
2026-05-09 00:24:45,Tree_LGBM,84.0,,,1971-08-31,2018-12-31,lw,Revised macro data: True,gap=0,1.621382780370162e-06,0.3872096854748711,0.0001772302257214,0.3770369039441804
2026-05-09 00:27:19,Tree_LGBM,120.0,,,1971-08-31,2018-12-31,lw,Revised macro data: True,gap=0,4.873050331033468e-07,0.4064805767111037,8.55176295652127e-05,0.4161767073580646
2026-05-11 14:27:05,Tree_XGB,24.0,,,1971-08-31,2018-12-31,lw,Revised macro data: True,gap=0,1.5655639124201315e-05,0.4877265404530353,0.0004090853094953,0.3780254781536664
2026-05-11 14:27:05,Tree_XGB,36.0,,,1971-08-31,2018-12-31,lw,Revised macro data: True,gap=0,4.240302427294118e-06,0.4768449720986103,0.0002628770100276,0.3717565189237203
2026-05-11 14:27:05,Tree_XGB,48.0,,,1971-08-31,2018-12-31,lw,Revised macro data: True,gap=0,2.818084851585745e-06,0.5118255833683303,7.699535080363251e-05,0.4285069868430379
2026-05-11 14:27:05,Tree_XGB,60.0,,,1971-08-31,2018-12-31,lw,Revised macro data: True,gap=0,6.227244382372987e-07,0.5288069335164511,0.0001279697668368,0.4774877942793665
2026-05-11 14:27:05,Tree_XGB,84.0,,,1971-08-31,2018-12-31,lw,Revised macro data: True,gap=0,9.193235017690429e-08,0.5393532526100268,3.898060394813552e-05,0.4107745828392564
2026-05-11 14:27:05,Tree_XGB,120.0,,,1971-08-31,2018-12-31,lw,Revised macro data: True,gap=0,6.953965558942343e-08,0.5217979977929944,1.172056557308121e-05,0.4408161658377222
##### BELOW: REALTIME LGBM RF ET XGB,,,,,,,,,,,,,
2026-05-09 12:14:12,Tree_RF,24.0,,,1971-08-31,2018-12-31,lw,Revised macro data: False,gap=0,0.000683560154428,0.3097568540968283,0.0040546118515517,0.2312489669132216
2026-05-09 12:35:04,Tree_RF,36.0,,,1971-08-31,2018-12-31,lw,Revised macro data: False,gap=0,0.0003824827704094,0.2881388914777081,0.0039698965316903,0.2199994816775387
2026-05-09 12:56:09,Tree_RF,48.0,,,1971-08-31,2018-12-31,lw,Revised macro data: False,gap=0,0.0002139139515955,0.2955475182596377,0.0033777451414636,0.2242234999206324
2026-05-09 13:13:58,Tree_RF,60.0,,,1971-08-31,2018-12-31,lw,Revised macro data: False,gap=0,0.0001147274094648,0.3093786247495459,0.0023415734180555,0.2634188394323028
2026-05-09 13:38:19,Tree_RF,84.0,,,1971-08-31,2018-12-31,lw,Revised macro data: False,gap=0,5.5590172754471645e-05,0.3353147875340435,0.0014055930516093,0.2972481232070246
2026-05-09 13:59:38,Tree_RF,120.0,,,1971-08-31,2018-12-31,lw,Revised macro data: False,gap=0,7.87294665582916e-06,0.4151228562100296,0.0011538842742581,0.3570058809724906
2026-05-09 14:13:01,Tree_ET,24.0,,,1971-08-31,2018-12-31,lw,Revised macro data: False,gap=0,0.0001825436017492,0.3026082154997223,0.0033021586594368,0.2291685402548949
2026-05-09 14:25:27,Tree_ET,36.0,,,1971-08-31,2018-12-31,lw,Revised macro data: False,gap=0,7.25603005007347e-05,0.2817337079442793,0.0024049176979588,0.2176879958252228
2026-05-09 14:36:30,Tree_ET,48.0,,,1971-08-31,2018-12-31,lw,Revised macro data: False,gap=0,4.173526602280209e-05,0.2845768865265834,0.0019993394890024,0.2128076392846185
2026-05-09 14:45:05,Tree_ET,60.0,,,1971-08-31,2018-12-31,lw,Revised macro data: False,gap=0,7.18353810572614e-05,0.2712659250678961,0.0051050834020599,0.2044991994711366
2026-05-09 14:53:23,Tree_ET,84.0,,,1971-08-31,2018-12-31,lw,Revised macro data: False,gap=0,7.72179934338535e-05,0.2857489433358036,0.0067996688447184,0.225534379919125
2026-05-09 15:01:47,Tree_ET,120.0,,,1971-08-31,2018-12-31,lw,Revised macro data: False,gap=0,1.9183801169830872e-05,0.3324326338379275,0.0044120531850088,0.2994504127824671
2026-05-09 15:05:23,Tree_LGBM,24.0,,,1971-08-31,2018-12-31,lw,Revised macro data: False,gap=0,7.92436044939615e-05,0.3599149674615148,0.0003139452809765,0.3490353945751145
2026-05-09 15:09:06,Tree_LGBM,36.0,,,1971-08-31,2018-12-31,lw,Revised macro data: False,gap=0,1.1355144893032689e-05,0.3471127543060358,0.000175890449531,0.3557365954120722
2026-05-09 15:12:53,Tree_LGBM,48.0,,,1971-08-31,2018-12-31,lw,Revised macro data: False,gap=0,4.519482946663267e-06,0.345178436443703,0.0001645642461561,0.3509345969892049
2026-05-09 15:16:45,Tree_LGBM,60.0,,,1971-08-31,2018-12-31,lw,Revised macro data: False,gap=0,2.400429854443331e-06,0.365734711268997,0.0001911930570424,0.3327161900178547
2026-05-09 15:20:38,Tree_LGBM,84.0,,,1971-08-31,2018-12-31,lw,Revised macro data: False,gap=0,4.8305811654048014e-06,0.4074808269476003,0.0001795751777732,0.3254020953974157
2026-05-09 15:24:33,Tree_LGBM,120.0,,,1971-08-31,2018-12-31,lw,Revised macro data: False,gap=0,5.115172208469687e-06,0.3605585334415077,0.0001746716543474,0.3911034753505441
2026-05-11 14:54:46,Tree_XGB,24.0,,,1971-08-31,2018-12-31,lw,Revised macro data: False,gap=0,1.885497525810909e-05,0.5287534917330416,2.878315906129636e-05,0.4421868967074104
2026-05-11 14:54:46,Tree_XGB,36.0,,,1971-08-31,2018-12-31,lw,Revised macro data: False,gap=0,7.76814110392543e-06,0.4611347023066335,0.000503095485951,0.3379230010451747
2026-05-11 14:54:46,Tree_XGB,48.0,,,1971-08-31,2018-12-31,lw,Revised macro data: False,gap=0,4.0019359311971314e-06,0.4722246700923763,0.0002521998553954,0.4054505390067378
2026-05-11 14:54:46,Tree_XGB,60.0,,,1971-08-31,2018-12-31,lw,Revised macro data: False,gap=0,1.7725128346191e-06,0.4479140314142654,0.0001435841228735,0.3764092957603971
2026-05-11 14:54:46,Tree_XGB,84.0,,,1971-08-31,2018-12-31,lw,Revised macro data: False,gap=0,2.5248411850142816e-07,0.4872905089558998,1.4989020576505752e-05,0.4359627613794901
2026-05-11 14:54:46,Tree_XGB,120.0,,,1971-08-31,2018-12-31,lw,Revised macro data: False,gap=0,4.012805943087727e-08,0.5466919970552606,9.705704992146735e-06,0.4733578391831924
# BELOW: NONOVERLAPPING REALTIME XGB 2018 and 2025,,,,,,,,,,,,,
2026-05-12 10:37:46,Tree_XGB,24.0,,,1971-08-31,2018-12-31,kr,Revised macro data: False,gap=11,0.149869419083604,-0.2072470438679219,0.4688617344410456,-0.4572218282613878
2026-05-12 10:37:47,Tree_XGB,36.0,,,1971-08-31,2018-12-31,kr,Revised macro data: False,gap=11,0.1512302678069189,-0.2153250213766755,0.421808628234126,-0.4287862255077157
2026-05-12 10:37:47,Tree_XGB,48.0,,,1971-08-31,2018-12-31,kr,Revised macro data: False,gap=11,0.2521636662588862,-0.3097735973837068,0.5329067054585266,-0.6137724265596436
2026-05-12 10:37:47,Tree_XGB,60.0,,,1971-08-31,2018-12-31,kr,Revised macro data: False,gap=11,0.2197006721632115,-0.2869137591391357,0.423452344005688,-0.5018280500494026
2026-05-12 10:37:47,Tree_XGB,84.0,,,1971-08-31,2018-12-31,kr,Revised macro data: False,gap=11,0.2047207179617682,-0.2760455069202499,0.43329841751124,-0.5433668022439881
2026-05-12 10:37:47,Tree_XGB,120.0,,,1971-08-31,2018-12-31,kr,Revised macro data: False,gap=11,0.1526103779386818,-0.2021364283729652,0.2518917966945466,-0.3363558981319918
2026-05-12 10:54:05,Tree_XGB_FwdOnly,24.0,,,1971-08-31,2018-12-31,kr,Revised macro data: False,gap=11,0.8338164189887568,-0.6314030358300471,0.8705994301665373,-0.7838917862301498
2026-05-12 10:54:05,Tree_XGB_FwdOnly,36.0,,,1971-08-31,2018-12-31,kr,Revised macro data: False,gap=11,0.891577732419143,-0.7004762200366477,0.9013801181349914,-0.969365202368368
2026-05-12 10:54:05,Tree_XGB_FwdOnly,48.0,,,1971-08-31,2018-12-31,kr,Revised macro data: False,gap=11,0.9181175075487892,-0.7856752550869692,0.909486067237126,-1.1423720625906355
2026-05-12 10:54:05,Tree_XGB_FwdOnly,60.0,,,1971-08-31,2018-12-31,kr,Revised macro data: False,gap=11,0.9203235154758306,-0.7091367169561298,0.8928983813850341,-0.9797161153490136
2026-05-12 10:54:05,Tree_XGB_FwdOnly,84.0,,,1971-08-31,2018-12-31,kr,Revised macro data: False,gap=11,0.8711848110274952,-0.7408279527120445,0.8032904058972037,-1.064800582115454
2026-05-12 10:54:05,Tree_XGB_FwdOnly,120.0,,,1971-08-31,2018-12-31,kr,Revised macro data: False,gap=11,0.8952051852197835,-0.7027366310812835,0.6722185080557002,-0.817002386757695
2026-05-12 11:17:39,Tree_XGB,24.0,,,1971-08-31,2025-06-30,kr,Revised macro data: False,gap=11,0.0836223768712633,-0.1158478698344793,0.2760225035852093,-0.206619705727274
2026-05-12 11:17:39,Tree_XGB,36.0,,,1971-08-31,2025-06-30,kr,Revised macro data: False,gap=11,0.08693441155107,-0.1366020747927625,0.2466516149514439,-0.2159505367387424
2026-05-12 11:17:39,Tree_XGB,48.0,,,1971-08-31,2025-06-30,kr,Revised macro data: False,gap=11,0.1440447309146771,-0.1899317024344431,0.3180945300344118,-0.2955294218606081
2026-05-12 11:17:39,Tree_XGB,60.0,,,1971-08-31,2025-06-30,kr,Revised macro data: False,gap=11,0.1068742135793801,-0.1718344952832293,0.2032447454475726,-0.2300910868442423
2026-05-12 11:17:39,Tree_XGB,84.0,,,1971-08-31,2025-06-30,kr,Revised macro data: False,gap=11,0.0934394214688105,-0.1640473892225684,0.1961227470369925,-0.2533978110707418
2026-05-12 11:17:39,Tree_XGB,120.0,,,1971-08-31,2025-06-30,kr,Revised macro data: False,gap=11,0.0723730018099888,-0.1393474393748113,0.1111565231281487,-0.1803127740398544
2026-05-12 11:17:39,Tree_XGB_FwdOnly,24.0,,,1971-08-31,2025-06-30,kr,Revised macro data: False,gap=11,0.6901021741740849,-0.4657855519034179,0.7024070395835735,-0.4616401795230374
2026-05-12 11:17:39,Tree_XGB_FwdOnly,36.0,,,1971-08-31,2025-06-30,kr,Revised macro data: False,gap=11,0.8143420901413716,-0.5517056956673096,0.8073388711954997,-0.6233133126712953
2026-05-12 11:17:39,Tree_XGB_FwdOnly,48.0,,,1971-08-31,2025-06-30,kr,Revised macro data: False,gap=11,0.8843295127781026,-0.6234595658126623,0.862818261976395,-0.7342653375476353
2026-05-12 11:17:39,Tree_XGB_FwdOnly,60.0,,,1971-08-31,2025-06-30,kr,Revised macro data: False,gap=11,0.8788356083943929,-0.5621242847864334,0.8319089070167934,-0.6341841300665876
2026-05-12 11:17:39,Tree_XGB_FwdOnly,84.0,,,1971-08-31,2025-06-30,kr,Revised macro data: False,gap=11,0.7825404867721741,-0.5641732930561907,0.6788218406748283,-0.6473568919771031
2026-05-12 11:17:39,Tree_XGB_FwdOnly,120.0,,,1971-08-31,2025-06-30,kr,Revised macro data: False,gap=11,0.7968930992603737,-0.523689758922899,0.4988033995117886,-0.4823125830511219
# BELOW MONTHLY REALTIME XGB,,,,,,,,,,,,,
2026-05-12 12:16:37,Tree_XGB,24.0,,,1971-08-31,2018-12-31,kr,Revised macro data: False,gap=0,0.0098114134299295,-0.1077497916548073,0.0244842934206888,-0.0379953390804588
2026-05-12 12:16:37,Tree_XGB,36.0,,,1971-08-31,2018-12-31,kr,Revised macro data: False,gap=0,0.0035170448220839,-0.1229963673097933,0.035045353245412,-0.1058780071057194
2026-05-12 12:16:37,Tree_XGB,48.0,,,1971-08-31,2018-12-31,kr,Revised macro data: False,gap=0,0.039955195598444,-0.1420394712273933,0.0523016481228121,-0.1148365633783143
2026-05-12 12:16:37,Tree_XGB,60.0,,,1971-08-31,2018-12-31,kr,Revised macro data: False,gap=0,0.0813612828898689,-0.1933162419231453,0.1703392492786516,-0.1790780908318088
2026-05-12 12:16:37,Tree_XGB,84.0,,,1971-08-31,2018-12-31,kr,Revised macro data: False,gap=0,0.315745280855416,-0.151047654672755,0.4989204765122801,-0.173838171275388
2026-05-12 12:16:37,Tree_XGB,120.0,,,1971-08-31,2018-12-31,kr,Revised macro data: False,gap=0,0.5820168802989827,-0.2765852627079999,0.8566016677685965,-0.329388101884924
2026-05-12 12:16:37,Tree_XGB_FwdOnly,24.0,,,1971-08-31,2018-12-31,kr,Revised macro data: False,gap=0,0.8210589632183216,-0.022091524045152,0.7180322508821427,-0.0146700271841055
2026-05-12 12:16:37,Tree_XGB_FwdOnly,36.0,,,1971-08-31,2018-12-31,kr,Revised macro data: False,gap=0,0.5170704966389214,-0.0349252007650053,0.712765957958012,-0.0419383013604732
2026-05-12 12:16:37,Tree_XGB_FwdOnly,48.0,,,1971-08-31,2018-12-31,kr,Revised macro data: False,gap=0,0.7149476644537205,-0.1710822395622004,0.723125754927908,-0.2259129819212444
2026-05-12 12:16:37,Tree_XGB_FwdOnly,60.0,,,1971-08-31,2018-12-31,kr,Revised macro data: False,gap=0,0.5050139128710406,-0.0737491660177502,0.4866141190067123,-0.0583908465729876
2026-05-12 12:16:37,Tree_XGB_FwdOnly,84.0,,,1971-08-31,2018-12-31,kr,Revised macro data: False,gap=0,0.5599173090615199,-0.0917819596320841,0.3862441261275863,-0.0782251812899401
2026-05-12 12:16:37,Tree_XGB_FwdOnly,120.0,,,1971-08-31,2018-12-31,kr,Revised macro data: False,gap=0,0.5931718572541655,-0.1369148792544419,0.4679756873223606,-0.136477861864215
2026-05-12 13:39:51,Tree_XGB,24.0,,,1971-08-31,2025-06-30,kr,Revised macro data: False,gap=0,0.0019832059296849,-0.0536726433283909,0.0036617926295502,0.0198517100868517
2026-05-12 13:39:51,Tree_XGB,36.0,,,1971-08-31,2025-06-30,kr,Revised macro data: False,gap=0,0.0005179654146898,-0.0724023108987352,0.0049433924181095,-0.0359698007333315
2026-05-12 13:39:51,Tree_XGB,48.0,,,1971-08-31,2025-06-30,kr,Revised macro data: False,gap=0,0.0116699385544096,-0.1176367011263961,0.0097824161872949,-0.087321426465839
2026-05-12 13:39:51,Tree_XGB,60.0,,,1971-08-31,2025-06-30,kr,Revised macro data: False,gap=0,0.0257290248014997,-0.1481019289874412,0.0364807946687464,-0.1187607305852109
2026-05-12 13:39:51,Tree_XGB,84.0,,,1971-08-31,2025-06-30,kr,Revised macro data: False,gap=0,0.1806912551908186,-0.1292839111201982,0.2409968503707661,-0.1374795185771087
2026-05-12 13:39:51,Tree_XGB,120.0,,,1971-08-31,2025-06-30,kr,Revised macro data: False,gap=0,0.5488413172361402,-0.2407031519714313,0.8110240286198912,-0.2659809306380285
2026-05-12 13:39:51,Tree_XGB_FwdOnly,24.0,,,1971-08-31,2025-06-30,kr,Revised macro data: False,gap=0,0.2671048138089118,-0.0027264744552368,0.1211927522898289,0.012119964310027
2026-05-12 13:39:51,Tree_XGB_FwdOnly,36.0,,,1971-08-31,2025-06-30,kr,Revised macro data: False,gap=0,0.3193382854472003,-0.0208544476688246,0.4049523004247599,-0.01875455207677
2026-05-12 13:39:51,Tree_XGB_FwdOnly,48.0,,,1971-08-31,2025-06-30,kr,Revised macro data: False,gap=0,0.648461284040577,-0.1301125306605575,0.6536155880759402,-0.1500178496219812
2026-05-12 13:39:51,Tree_XGB_FwdOnly,60.0,,,1971-08-31,2025-06-30,kr,Revised macro data: False,gap=0,0.4612150664716139,-0.0618208152746913,0.4346688528106404,-0.0457911352354818
2026-05-12 13:39:51,Tree_XGB_FwdOnly,84.0,,,1971-08-31,2025-06-30,kr,Revised macro data: False,gap=0,0.5439358716143394,-0.0801492108279455,0.3736418203711693,-0.0658558330025593
2026-05-12 13:39:51,Tree_XGB_FwdOnly,120.0,,,1971-08-31,2025-06-30,kr,Revised macro data: False,gap=0,0.6197195620552698,-0.1232647899102696,0.4982972393555971,-0.1180636753041621
2026-06-03 15:23:42,Tree_XGB,24.0,,,1971-08-31,2025-06-30,lw,Revised macro data: False,gap=11,0.0760489113737763,-0.1266809987430868,0.2909920715720635,-0.2237173937163739
2026-06-03 15:23:42,Tree_XGB,36.0,,,1971-08-31,2025-06-30,lw,Revised macro data: False,gap=11,0.0723574353820563,-0.1042588113061551,0.2525414981905358,-0.2109649102078354
2026-06-03 15:23:42,Tree_XGB,48.0,,,1971-08-31,2025-06-30,lw,Revised macro data: False,gap=11,0.172419166795217,-0.2166817444899424,0.3298554997322493,-0.3118655787345958
2026-06-03 15:23:42,Tree_XGB,60.0,,,1971-08-31,2025-06-30,lw,Revised macro data: False,gap=11,0.1036652387458281,-0.1710333341308565,0.2445727550474525,-0.277253334646403
2026-06-03 15:23:42,Tree_XGB,84.0,,,1971-08-31,2025-06-30,lw,Revised macro data: False,gap=11,0.1185825842983777,-0.1646779836645688,0.3273068293679846,-0.3074973156430982
2026-06-03 15:23:42,Tree_XGB,120.0,,,1971-08-31,2025-06-30,lw,Revised macro data: False,gap=11,0.1666994233512899,-0.2111893887545011,0.1945411828806611,-0.2471428235441166
2026-06-03 15:23:42,Tree_XGB_FwdOnly,24.0,,,1971-08-31,2025-06-30,lw,Revised macro data: False,gap=11,0.7256126311941268,-0.4492989368616074,0.7183400378772784,-0.3992356649967041
2026-06-03 15:23:42,Tree_XGB_FwdOnly,36.0,,,1971-08-31,2025-06-30,lw,Revised macro data: False,gap=11,0.5976723811641825,-0.5257670949231326,0.5596253229938359,-0.5675300872372013
2026-06-03 15:23:42,Tree_XGB_FwdOnly,48.0,,,1971-08-31,2025-06-30,lw,Revised macro data: False,gap=11,0.7979657813393023,-0.5617349514479923,0.7798647299136056,-0.6332514833507688
2026-06-03 15:23:42,Tree_XGB_FwdOnly,60.0,,,1971-08-31,2025-06-30,lw,Revised macro data: False,gap=11,0.8187417224091871,-0.5478535038031962,0.7731470375723051,-0.619924847509469
2026-06-03 15:23:42,Tree_XGB_FwdOnly,84.0,,,1971-08-31,2025-06-30,lw,Revised macro data: False,gap=11,0.7672567007637621,-0.5510440371803618,0.6317535977779555,-0.6035094111189041
2026-06-03 15:23:42,Tree_XGB_FwdOnly,120.0,,,1971-08-31,2025-06-30,lw,Revised macro data: False,gap=11,0.7582783991662392,-0.4849567958286465,0.4571679505516834,-0.4659453302345189
2026-06-04 10:00:21,Tree_XGB,24.0,,,1971-08-31,2025-06-30,lw,Revised macro data: True,gap=11,0.1028601829352663,-0.1509893757319285,0.322165063561205,-0.2696010387610204
2026-06-04 10:00:21,Tree_XGB,36.0,,,1971-08-31,2025-06-30,lw,Revised macro data: True,gap=11,0.0528632451108811,-0.0921364518131304,0.2074169319990572,-0.1931488870342743
2026-06-04 10:00:21,Tree_XGB,48.0,,,1971-08-31,2025-06-30,lw,Revised macro data: True,gap=11,0.090655442265934,-0.1581472120013396,0.2156324134494553,-0.2325171046790559
2026-06-04 10:00:21,Tree_XGB,60.0,,,1971-08-31,2025-06-30,lw,Revised macro data: True,gap=11,0.1153573405512754,-0.1289827707335178,0.3644306963366264,-0.2520780009093613
2026-06-04 10:00:21,Tree_XGB,84.0,,,1971-08-31,2025-06-30,lw,Revised macro data: True,gap=11,0.0650538806848948,-0.1191492828265554,0.2202734495581231,-0.2475043737076732
2026-06-04 10:00:21,Tree_XGB,120.0,,,1971-08-31,2025-06-30,lw,Revised macro data: True,gap=11,0.0660179554408205,-0.1498833520921307,0.1539316918431097,-0.2550706702060492
2026-06-04 10:00:21,Tree_XGB_FwdOnly,24.0,,,1971-08-31,2025-06-30,lw,Revised macro data: True,gap=11,0.7256126311941268,-0.4492989368616074,0.7183400378772784,-0.3992356649967041
2026-06-04 10:00:21,Tree_XGB_FwdOnly,36.0,,,1971-08-31,2025-06-30,lw,Revised macro data: True,gap=11,0.5976723811641825,-0.5257670949231326,0.5596253229938359,-0.5675300872372013
2026-06-04 10:00:21,Tree_XGB_FwdOnly,48.0,,,1971-08-31,2025-06-30,lw,Revised macro data: True,gap=11,0.7979657813393023,-0.5617349514479923,0.7798647299136056,-0.6332514833507688
2026-06-04 10:00:21,Tree_XGB_FwdOnly,60.0,,,1971-08-31,2025-06-30,lw,Revised macro data: True,gap=11,0.8187417224091871,-0.5478535038031962,0.7731470375723051,-0.619924847509469
2026-06-04 10:00:21,Tree_XGB_FwdOnly,84.0,,,1971-08-31,2025-06-30,lw,Revised macro data: True,gap=11,0.7672567007637621,-0.5510440371803618,0.6317535977779555,-0.6035094111189041
2026-06-04 10:00:21,Tree_XGB_FwdOnly,120,,,1971-08-31,2025-06-30,lw,Revised macro data: True,gap=11,0.7582783991662392,-0.4849567958286465,0.45716795055168347,-0.4659453302345189
